id,en,zh,lzh,ja,ru
终章【主线进度90%】,Final Chapter [Main Story 90%],终章【主线进度90%】,終章【主線進度90%】,終章【メイン進行度90%】,Финальная глава [Основной сюжет: 90%]
第九章【主线进度80%】,Chapter IX [Main Story 80%],第九章【主线进度80%】,第九章【主線進度80%】,第九章【メイン進行度80%】,Глава IX [Основной сюжет: 80%]
第八章【主线进度75%】,Chapter VIII [Main Story 75%],第八章【主线进度75%】,第八章【主線進度75%】,第八章【メイン進行度75%】,Глава VIII [Основной сюжет: 75%]
第七章【主线进度65%】,Chapter VII [Main Story 65%],第七章【主线进度65%】,第七章【主線進度65%】,第七章【メイン進行度65%】,Глава VII [Основной сюжет: 65%]
第六章【主线进度55%】,Chapter VI [Main Story 55%],第六章【主线进度55%】,第六章【主線進度55%】,第六章【メイン進行度55%】,Глава VI [Основной сюжет: 55%]
第五章【主线进度45%】,Chapter V [Main Story 45%],第五章【主线进度45%】,第五章【主線進度45%】,第五章【メイン進行度45%】,Глава V [Основной сюжет: 45%]
第四章【主线进度35%】,Chapter IV [Main Story 35%],第四章【主线进度35%】,第四章【主線進度35%】,第四章【メイン進行度35%】,Глава IV [Основной сюжет: 35%]
第三章【主线进度25%】,Chapter III [Main Story 25%],第三章【主线进度25%】,第三章【主線進度25%】,第三章【メイン進行度25%】,Глава III [Основной сюжет: 25%]
第二章【主线进度15%】,Chapter II [Main Story 15%],第二章【主线进度15%】,第二章【主線進度15%】,第二章【メイン進行度15%】,Глава II [Основной сюжет: 15%]
第一章【主线进度5%】,Chapter I [Main Story 5%],第一章【主线进度5%】,第一章【主線進度5%】,第一章【メイン進行度5%】,Глава I [Основной сюжет: 5%]
序章【主线进度0%】,Prologue [Main Story 0%],序章【主线进度0%】,序章【主線進度0%】,序章【メイン進行度0%】,Пролог [Основной сюжет: 0%]
亲征袁术,Taking the Field Against Yuan Shu,亲征袁术,親征袁術,袁術への親征,Личный поход против Юань Шу
温侯入局,Marquis Wen Enters the Fray,温侯入局,溫侯入局,温侯、局に入る,Вэнь-хоу вступает в игру
泰山之乱,The Taishan Rebellion,泰山之乱,泰山之亂,泰山の乱,Мятеж в Тайшане
暗流涌动,Undercurrents Stir,暗流涌动,暗流湧動,暗流蠢動,Подспудные течения
邺城购粮,Procuring Grain in Ye City,邺城购粮,鄴城購糧,鄴城での兵糧調達,Закупка зерна в Ечэне
霸道之始,Dawn of Dominion,霸道之始,霸道之始,覇道の始まり,Начало Пути Владычества
安抚众心,Winning Hearts,安抚众心,安撫眾心,人心を安んず,Умиротворение сердец
百废待兴,Rebuilding from Ruin,百废待兴,百廢待興,復興への道,Возрождение из руин
奉令讨逆,"By Command, Punish the Usurper",奉令讨逆,奉令討逆,命を奉じて逆賊を討つ,По приказу — против мятежника
入主徐州,Taking Command of Xuzhou,入主徐州,入主徐州,徐州を治める,Власть над Сюйчжоу
困守小沛,Besieged in Xiaopei,困守小沛,困守小沛,小沛籠城,В осаде в Сяопэе
小沛之始,Dawn at Xiaopei,小沛之始,小沛之始,小沛の幕開け,Начало в Сяопэе
主公,My Lord,主公,主公,主君,Господин
势力,Faction,势力,勢力,勢力,Фракция
兵力,Troop Strength,兵力,兵力,兵力,Численность войск
外来派,Outsider Faction,外来派,外來派,外来派,Фракция пришлых
警告,Warning,警告,警告,警告,Предупреждение
任务提示,Quest Hint,任务提示,任務提示,任務ヒント,Подсказка задания
奖励,Reward,奖励,獎勵,報酬,Награда
信件内容,Letter,信件内容,信件內容,書状,Текст письма
曹操信中内容,Cao Cao's Letter,曹操信中内容,曹操信中內容,曹操の書状,Письмо Цао Цао
大儒辩经,Great Scholar Debate,大儒辩经,大儒辯經,大儒弁論,Дебаты великих учёных
"征集民夫数量：{currence1}/{target}
基建工程数量：{currence2}/3","Laborers Recruited: {currence1}/{target}
Infrastructure Projects: {currence2}/3","征集民夫数量：{currence1}/{target}
基建工程数量：{currence2}/3","徵集民夫數量：{currence1}/{target}
基建工程數量：{currence2}/3","徴集した人夫：{currence1}/{target}
基盤整備事業：{currence2}/3","Нанято работников: {currence1}/{target}
Инфраструктурные проекты: {currence2}/3"
百姓,Commoner,百姓,百姓,民,Простолюдин
百姓们,Commoners,百姓们,百姓們,民衆,Простолюдины
部将,Subordinate General,部将,部將,部将,Подчинённый военачальник
曹操,Cao Cao,曹操,曹操,曹操,Цао Цао
昌豨信使,Chang Xi's Messenger,昌豨信使,昌豨信使,昌豨の使者,Посланник Чан Си
陈登＆糜竺,Chen Deng & Mi Zhu,陈登＆糜竺,陳登＆糜竺,陳登＆糜竺,Чэнь Дэн и Ми Чжу
斥候,Scout,斥候,斥候,斥候,Разведчик
丹阳兵,Danyang Soldier,丹阳兵,丹陽兵,丹陽兵,Солдат Даньян
盗宝匠人-李铁,Treasure-Seeking Craftsman Li Tie,盗宝匠人-李铁,盜寶匠人・李鐵,宝探しの職人・李鉄,Искатель сокровищ Ли Те
盗宝贼-匠人,Treasure Thief - Craftsman,盗宝贼-匠人,盜寶賊・匠人,宝泥棒・職人,Вор-ремесленник
弟子,Disciple,弟子,弟子,弟子,Ученик
副将,Deputy General,副将,副將,副将,Заместитель военачальника
关羽/张飞,Guan Yu / Zhang Fei,关羽/张飞,關羽／張飛,関羽／張飛,Гуань Юй / Чжан Фэй
官吏-丙,Clerk C,官吏-丙,官吏・丙,官吏・丙,Чиновник Бин
官吏-丁,Clerk D,官吏-丁,官吏・丁,官吏・丁,Чиновник Дин
郭嘉,Guo Jia,郭嘉,郭嘉,郭嘉,Го Цзя
孩童,Child,孩童,孩童,子供,Ребёнок
黑商,Black-Market Dealer,黑商,黑商,闇商人,Торговец чёрного рынка
甲,Jia,甲,甲,甲,Цзя
酒馆老板,Tavern Keeper,酒馆老板,酒館老闆,酒場の主人,Хозяин таверны
军匠李铁,Military Craftsman Li Tie,军匠李铁,軍匠李鐵,軍匠・李鉄,Военный мастер Ли Те
傀儡娃娃,Puppet Doll,傀儡娃娃,傀儡娃娃,傀儡人形,Кукла-марионетка
李铁,Li Tie,李铁,李鐵,李鉄,Ли Те
刘备​,Liu Bei,刘备​,劉備,劉備,Лю Бэй
流民,Refugee,流民,流民,流民,Беженец
卖菜小贩,Vegetable Vendor,卖菜小贩,賣菜小販,野菜売り,Торговец овощами
门外少女,Girl Outside,门外少女,門外少女,戸口の少女,Девушка за дверью
密探,Secret Agent,密探,密探,密偵,Тайный агент
农妇,Peasant Woman,农妇,農婦,農婦,Крестьянка
乞丐,Beggar,乞丐,乞丐,物乞い,Нищий
亲兵,Personal Guard,亲兵,親兵,親衛兵,Личный стражник
商贩,Vendor,商贩,商販,商人,Торговец
拾荒老农,Old Scavenging Farmer,拾荒老农,拾荒老農,物拾いの老農,Старый крестьянин-собиратель
士兵-甲,Soldier A,士兵-甲,士兵・甲,兵士・甲,Солдат А
士兵-乙,Soldier B,士兵-乙,士兵・乙,兵士・乙,Солдат Б
侍从,Attendant,侍从,侍從,従者,Слуга
探马,Scout Rider,探马,探馬,騎馬斥候,Конный разведчик
特使,Envoy,特使,特使,特使,Посланник
无名丹阳将领,Nameless Danyang Officer,无名丹阳将领,無名丹陽將領,名もなき丹陽将校,Безымянный офицер Даньян
无名氏-甲,Nameless Man A,无名氏-甲,無名氏・甲,無名氏・甲,Безымянный А
下级军官,Junior Officer,下级军官,下級軍官,下級将校,Младший офицер
下人甲,Servant A,下人甲,下人甲,下男・甲,Слуга А
下人乙,Servant B,下人乙,下人乙,下男・乙,Слуга Б
夏侯惇,Xiahou Dun,夏侯惇,夏侯惇,夏侯惇,Сяхоу Дунь
信使,Messenger,信使,信使,使者,Вестник
血姬,Blood Princess,血姬,血姬,血姫,Кровавая княжна
血姬-“糜贞”,Blood Princess - Mi Zhen,血姬-“糜贞”,血姬・「糜貞」,血姫・『糜貞』,Кровавая княжна — Ми Чжэнь
血姬·糜贞,Blood Princess: Mi Zhen,血姬·糜贞,血姬・糜貞,血姫・糜貞,Кровавая княжна: Ми Чжэнь
乙,Yi,乙,乙,乙,И
袁术使者,Yuan Shu's Envoy,袁术使者,袁術使者,袁術の使者,Посланник Юань Шу
张飞​,Zhang Fei,张飞​,張飛,張飛,Чжан Фэй
长者,Elder,长者,長者,長老,Старейшина
镇魂石龙,Soul-Sealing Stone Dragon,镇魂石龙,鎮魂石龍,鎮魂石竜,Каменный дракон — хранитель душ
诸葛亮,Zhuge Liang,诸葛亮,諸葛亮,諸葛亮,Чжугэ Лян
本旬局势未得到妥善处理，民心下降{{GameManager.PunishC}}点。,The situation was not properly handled this xun. Public Support -{{GameManager.PunishC}}.,本旬局势未得到妥善处理，民心下降{{GameManager.PunishC}}点。,本旬局勢未獲妥善處理，民心下降{{GameManager.PunishC}}點。,今旬の情勢に十分対処できませんでした。民心-{{GameManager.PunishC}}。,Ситуация в этом сюне не была урегулирована. Поддержка народа -{{GameManager.PunishC}}.
察觉些许暗藏端倪，法令点数+3,You uncovered a hidden clue. Decree Points +3.,察觉些许暗藏端倪，法令点数+3,察覺些許暗藏端倪，法令點數+3。,隠された手掛かりを見抜きました。法令ポイント+3。,Вы обнаружили скрытую зацепку. Очки указов +3.
该法案未能通过！法律已取消，请重新回府邸指引法律，各方派系此前扣除支持度已返还、为参议律法拨付的议事补给，全数发放至你的府库,"The bill failed. It has been withdrawn; return to the Manor to draft a new law. All deducted faction Support has been restored, and unused council supplies have been returned to your stores.",该法案未能通过！法律已取消，请重新回府邸指引法律，各方派系此前扣除支持度已返还、为参议律法拨付的议事补给，全数发放至你的府库,該法案未能通過！法案已撤回，請返回府邸重新擬定。此前扣除的各派支持度已返還，議事補給亦已全數收入府庫。,法案は否決され、撤回されました。府邸へ戻り、新たな法案を起案してください。各派の減少した支持度は回復し、未使用の議事物資はすべて府庫へ返還されました。,"Законопроект отклонён и отозван. Вернитесь в резиденцию, чтобы подготовить новый. Снятая поддержка фракций восстановлена, а неиспользованные припасы совета возвращены в хранилище."
坚持十旬直到内应出现，政策面板已更新对应三策，可查看可选方略。,Hold out for 10 xun until the insider makes contact. Three relevant strategies are now available in the Policy Panel.,坚持十旬直到内应出现，政策面板已更新对应三策，可查看可选方略。,堅守十旬，直至內應現身。政策面板已更新對應三策，可查看可選方略。,内応者が現れるまで十旬持ちこたえてください。政策パネルに対応する三策が追加されました。,"Продержитесь 10 сюней, пока внедрённый агент не выйдет на связь. На панели политики появились три соответствующих плана."
今日仍有军政事务尚未处理。此刻休息，城中民心可能受损。主公是否仍要休息？,"Military and civil affairs remain unfinished today. Resting now may reduce Public Support. Do you still wish to rest, my lord?",今日仍有军政事务尚未处理。此刻休息，城中民心可能受损。主公是否仍要休息？,今日尚有軍政事務未處理。此刻休息，城中民心可能受損。主公仍要休息嗎？,本日は軍務と政務がまだ残っています。今休むと民心が低下する恐れがあります。それでも休みますか、主君？,Сегодня ещё остались военные и гражданские дела. Отдых сейчас может снизить поддержку народа. Господин всё равно желает отдохнуть?
吕布大军压境，双方积怨已久！敌军已换为吕布，需坚守等待曹操援军。城内民心动荡、城防危急，眼下无他法可循，现在只能通过军事行动改善城内局势。,"Lu Bu's army is at the gates, and old grudges run deep. Lu Bu is now the enemy; hold out until Cao Cao's reinforcements arrive. With Public Support wavering and the defenses in peril, only military operations can stabilize the city.",吕布大军压境，双方积怨已久！敌军已换为吕布，需坚守等待曹操援军。城内民心动荡、城防危急，眼下无他法可循，现在只能通过军事行动改善城内局势。,呂布大軍壓境，雙方積怨已久！敵軍已換為呂布，需堅守以待曹操援軍。城內民心動盪、城防危急，眼下唯有透過軍事行動穩定局勢。,呂布の大軍が迫り、積年の遺恨が噴き出しました。敵は呂布軍に替わっています。曹操の援軍が来るまで持ちこたえてください。民心も城防も危機にあり、軍事行動だけが城内を安定させられます。,"Армия Люй Бу у ворот, и давняя вражда вспыхнула вновь. Теперь противник — Люй Бу; держитесь до прибытия подкреплений Цао Цао. Народ встревожен, оборона под угрозой — стабилизировать город можно только военными действиями."
你所为之事颇有成效，城中局势得以改善。,Your actions proved effective. The situation in the city has improved.,你所为之事颇有成效，城中局势得以改善。,你的舉措頗有成效，城中局勢得以改善。,行動が功を奏し、城内の情勢が改善しました。,Ваши действия принесли результат. Обстановка в городе улучшилась.
你已成功出售商品，获得{{GameManager.SoldCoin}}钱，1个法令点数（剩余可获取{{GameManager.resideValue3}}点）,Goods sold: {{GameManager.SoldCoin}} Coins and 1 Decree Point gained ({{GameManager.resideValue3}} still available).,你已成功出售商品，获得{{GameManager.SoldCoin}}钱，1个法令点数（剩余可获取{{GameManager.resideValue3}}点）,商品出售成功：獲得{{GameManager.SoldCoin}}錢與1點法令點數（尚可獲得{{GameManager.resideValue3}}點）。,商品を売却し、{{GameManager.SoldCoin}}銭と法令ポイント1を獲得しました（残り{{GameManager.resideValue3}}ポイント）。,Товар продан: получено {{GameManager.SoldCoin}} монет и 1 очко указов (можно получить ещё {{GameManager.resideValue3}}).
你已稳据徐州，霸业根基初成，寄存城内资源全数返还。需死守徐州十二旬，袁术与吕布虎视眈眈，吕布仍掌控泰山诸将，该派系暂脱离面板。需时常出征御敌、处理军政、筹措军需、安抚民众以安定城内局势，若长久疏于打理、放任民心躁动，州城危在旦夕！,"You now hold Xuzhou, and the foundation of your rule is set. All stored resources have been returned. Defend Xuzhou for 12 xun against Yuan Shu and Lu Bu. The Taishan Generals, still controlled by Lu Bu, are temporarily removed from the Faction Panel. Campaign, govern, secure supplies, and reassure the people; prolonged neglect will leave the provincial capital in grave danger.",你已稳据徐州，霸业根基初成，寄存城内资源全数返还。需死守徐州十二旬，袁术与吕布虎视眈眈，吕布仍掌控泰山诸将，该派系暂脱离面板。需时常出征御敌、处理军政、筹措军需、安抚民众以安定城内局势，若长久疏于打理、放任民心躁动，州城危在旦夕！,你已穩據徐州，霸業根基初成，寄存資源全數返還。接下來須死守徐州十二旬，防備袁術與呂布。泰山諸將仍受呂布掌控，暫時移出派系面板。請持續出征、理政、籌措軍需並安撫百姓；若長久疏忽，州城將危在旦夕。,徐州を確保し、覇業の礎を築きました。預けていた資源はすべて返還されます。袁術と呂布に備え、十二旬にわたり徐州を守り抜いてください。呂布配下の泰山諸将は、一時的に派閥パネルから外れます。出征、政務、軍需調達、民心の安定を怠れば、州都は危機に陥ります。,"Вы закрепились в Сюйчжоу и заложили основу своей власти. Все отложенные ресурсы возвращены. Удерживайте Сюйчжоу 12 сюней против Юань Шу и Люй Бу. Тайшаньские военачальники всё ещё подчинены Люй Бу и временно убраны с панели фракций. Воюйте, управляйте, снабжайте армию и успокаивайте народ; длительное бездействие поставит столицу области под угрозу."
我必须有{{GameManager.GET_COST_LAW_POINT()}}点政策点数才能立法,I need {{GameManager.GET_COST_LAW_POINT()}} Decree Points to enact a law.,我必须有{{GameManager.GET_COST_LAW_POINT()}}点政策点数才能立法,我需要{{GameManager.GET_COST_LAW_POINT()}}點法令點數才能立法。,立法には法令ポイントが{{GameManager.GET_COST_LAW_POINT()}}必要だ。,Для принятия закона мне нужно {{GameManager.GET_COST_LAW_POINT()}} очков указов.
昔年徐州大饥，我父母双亡，沦为流民，幸得无名将军收留，才得以活下来。后来入他帐下为兵，因些许微功，被提拔为校尉。,"During the great famine in Xuzhou, I lost both parents and became a refugee. General Wuming took me in and saved my life. I later joined his ranks and, after earning some modest merit, was promoted to commandant.",昔年徐州大饥，我父母双亡，沦为流民，幸得无名将军收留，才得以活下来。后来入他帐下为兵，因些许微功，被提拔为校尉。,昔年徐州大飢，我父母雙亡，淪為流民，幸得無名將軍收留，才得以活命。後來投身其帳下，因略有微功，被擢升為校尉。,かつて徐州を大飢饉が襲い、両親を失って流民となりました。無名将軍に拾われ、命をつなぐことができたのです。その後は将軍の配下で兵となり、わずかな功によって校尉に取り立てられました。,Во время великого голода в Сюйчжоу я потерял родителей и стал беженцем. Генерал Умин приютил меня и спас мою жизнь. Позже я вступил в его войско и за скромные заслуги был произведён в коменданты.
夏侯惇率军驰援徐州防线，我方与曹操势力好感大幅提升。战局进入终局阶段，现在仅能依靠军事行动改善城内局势。,"Xiahou Dun has reinforced Xuzhou's defenses, greatly improving relations with Cao Cao's faction. The war has entered its final stage; only military operations can now stabilize the city.",夏侯惇率军驰援徐州防线，我方与曹操势力好感大幅提升。战局进入终局阶段，现在仅能依靠军事行动改善城内局势。,夏侯惇率軍馳援徐州防線，我方與曹操勢力的關係大幅提升。戰局已進入終局，現在只能透過軍事行動改善城內局勢。,夏侯惇が徐州の防衛線へ援軍を率い、曹操勢力との関係が大幅に改善しました。戦局は最終段階に入り、城内を安定させる手段は軍事行動のみです。,"Сяхоу Дунь усилил оборону Сюйчжоу, значительно улучшив отношения с фракцией Цао Цао. Война вступила в финальную стадию; теперь город можно стабилизировать только военными действиями."
现下属地律法周全完备，诸事皆有规制可依，往后即便不再新增法令，各方派系也不会心生不满。古人云治大国若烹小鲜，法度既定不宜轻动，如今典章已成定规，若执意增设新法，劳民耗事，需额外耗用2点政策点方可推行。,"The territory's laws are now complete, and every affair has rules to follow. Factions will no longer resent a pause in legislation. As the saying goes, governing a great state is like cooking a delicate fish: once order is established, disturb it sparingly. Any further law will burden the people and cost 2 additional Decree Points.",现下属地律法周全完备，诸事皆有规制可依，往后即便不再新增法令，各方派系也不会心生不满。古人云治大国若烹小鲜，法度既定不宜轻动，如今典章已成定规，若执意增设新法，劳民耗事，需额外耗用2点政策点方可推行。,現下屬地律法周全完備，諸事皆有規制可依，往後即便不再新增法令，各方派系也不會心生不滿。古人云「治大國若烹小鮮」，法度既定不宜輕動。若仍執意增設新法，勞民耗事，須額外耗用2點法令點數。,領内の法は整い、万事に従うべき規定ができました。今後新法を増やさなくても、各派閥は不満を抱きません。『大国を治むるは小鮮を烹るが若し』と申します。制度をむやみに動かすべきではありません。さらに立法する場合は、追加で法令ポイント2を消費します。,"Законы владений теперь полны, и для каждого дела есть правило. Фракции больше не будут недовольны отсутствием новых указов. Как сказано, великой страной управляют бережно, словно готовят нежную рыбу. Новые законы отныне обременяют народ и требуют ещё 2 очка указов."
主簿在此，可是有事务禀报？,"Chief Clerk, what matter brings you here?",主簿在此，可是有事务禀报？,主簿在此，可是有事稟報？,主簿、何か報告があるのか？,"Главный писарь, с каким докладом ты пришёл?"
自此以后，你需死守小沛，坚持十二旬。袁术对徐州垂涎已久，已命大军逼近，小沛军民也因战事渐生不安。战事期间，出征御敌、处理军政、筹措军需及安抚民众，均可稳定城中局势。每旬休息前请留意当前局势；若长期放任不安蔓延，民心将逐渐流失，城池也将陷入危局。,"From now on, defend Xiaopei for 12 xun. Yuan Shu's army is closing in, and the people and garrison are growing uneasy. Campaigning, governing, securing supplies, and reassuring the people will stabilize the city. Check the situation before resting each xun; prolonged neglect will drain Public Support and place Xiaopei in danger.",自此以后，你需死守小沛，坚持十二旬。袁术对徐州垂涎已久，已命大军逼近，小沛军民也因战事渐生不安。战事期间，出征御敌、处理军政、筹措军需及安抚民众，均可稳定城中局势。每旬休息前请留意当前局势；若长期放任不安蔓延，民心将逐渐流失，城池也将陷入危局。,自此以後，你須死守小沛十二旬。袁術大軍已逼近，城中軍民也因戰事漸感不安。出征御敵、處理軍政、籌措軍需與安撫百姓，皆可穩定局勢。每旬休息前請留意城況；若長久放任不安蔓延，民心將逐漸流失，小沛亦會陷入危局。,これより小沛を十二旬守り抜いてください。袁術軍が迫り、城内の軍民にも不安が広がっています。出征、軍政、軍需調達、民の慰撫によって情勢を安定させられます。各旬の休息前に状況を確認してください。放置すれば民心が失われ、小沛は危機に陥ります。,"Отныне удерживайте Сяопэй 12 сюней. Армия Юань Шу приближается, а жители и гарнизон охвачены тревогой. Походы, управление, снабжение и забота о народе стабилизируют город. Проверяйте обстановку перед отдыхом в каждом сюне; длительное бездействие снизит поддержку народа и поставит Сяопэй под угрозу."
(专属武器解锁),(Signature Weapon Unlocked),(专属武器解锁),（專屬武器解鎖）,（専用武器解禁）,（Уникальное оружие открыто）
恭喜你，黄巾流民率众归降，已被你收纳,Congratulations! A band of Yellow Turban refugees has pledged allegiance and joined your settlement.,恭喜你，黄巾流民率众归降，已被你收纳,賀！黃巾流民率眾歸降，今已收納。,おめでとうございます。黄巾の流民一団が帰順し、領民に加わりました。,Поздравляем! Отряд беженцев из Жёлтых повязок присягнул вам и присоединился к вашим подданным.
见事,Practical Acumen,见事,見事,事理を知る,Понимание дел
见势,Strategic Insight,见势,見勢,大勢を読む,Стратегическое чутьё
见机,Sense of Timing,见机,見機,機を見抜く,Чувство момента
见几,Prescience,见几,見幾,機微を悟る,Предвидение
"你的积分大于对手
你赢了","Your score is higher than your opponent's.
You win!","你的积分大于对手
你赢了","你的分數高於對手
你贏了！","あなたの得点は相手より高い。
あなたの勝ちです！","Ваш счёт выше, чем у противника.
Вы победили!"
"你的积分小于对手
你输了","Your score is lower than your opponent's.
You lose.","你的积分小于对手
你输了","你的分數低於對手
你輸了","あなたの得点は相手より低い。
あなたの負けです。","Ваш счёт ниже, чем у противника.
Вы проиграли."
游戏结束时取得350分,Score 350 points by the end of the game,游戏结束时取得350分,在遊戲結束時取得350分,ゲーム終了時に350点を獲得する,Набрать 350 очков к концу игры
每回合你保证至少有一张手牌且最多只能用三张牌,Keep at least 1 card in hand and play no more than 3 cards per turn,每回合你保证至少有一张手牌且最多只能用三张牌,每回合至少保留1張手牌，且最多只能使用3張牌,各ターン手札を1枚以上残し、使用は3枚まで,Оставлять в руке хотя бы 1 карту и разыгрывать не более 3 карт за ход
以将对手生命值归0的方式取得胜利,Win by reducing your opponent's HP to 0,以将对手生命值归0的方式取得胜利,將對手生命值降至0並取勝,相手の体力を0にして勝利する,"Победить, снизив здоровье противника до 0"
游戏结束时取得360分,Score 360 points by the end of the game,游戏结束时取得360分,在遊戲結束時取得360分,ゲーム終了時に360点を獲得する,Набрать 360 очков к концу игры
每回合最多只能用2张牌且不能让手牌低于2张,Play no more than 2 cards per turn and keep at least 2 cards in hand,每回合最多只能用2张牌且不能让手牌低于2张,每回合最多使用2張牌，且手牌不得少於2張,各ターンの使用は2枚まで、手札は2枚以上を維持,Разыгрывать не более 2 карт за ход и держать в руке не менее 2 карт
民能载势,Turn the Tide,民能载势,民能載勢,戦局反転,Перелом хода битвы
谋士筹策,Strategist's Gambit,谋士筹策,謀士籌策,軍師の妙策,Замысел стратега
商贾囤货,Merchant Stockpile,商贾囤货,商賈囤貨,商人の備蓄,Запасы торговцев
士卒召列,Soldiers Muster,士卒召列,士卒召列,兵士集結,Сбор войск
“糜贞”,“Mi Zhen”?,“糜贞”,「糜貞」,「糜貞」？,«Ми Чжэнь»?
【达成后胜率+{bonus}%】,【Win Rate +{bonus}% on completion】,【达成后胜率+{bonus}%】,【達成後勝率+{bonus}%】,【達成すると勝率+{bonus}%】,【После выполнения шанс победы +{bonus}%】
【已达成，胜率+{bonus}%】,【Completed Win Rate +{bonus}%】,【已达成，胜率+{bonus}%】,【已達成，勝率+{bonus}%】,【達成済み 勝率+{bonus}%】,【Выполнено Шанс победы +{bonus}%】
道具加持+{bonus}%,Item Boost +{bonus}%,道具加持+{bonus}%,道具加持+{bonus}%,アイテム効果 +{bonus}%,Бонус предмета: +{bonus}%
{weapon}+{bonus}%,{weapon} +{bonus}%,{weapon}+{bonus}%,{weapon}+{bonus}%,{weapon} +{bonus}%,{weapon}: +{bonus}%
{weapon}+{bonus}%【法令已强化】,{weapon} +{bonus}% [Decree Enhanced],{weapon}+{bonus}%【法令已强化】,{weapon}+{bonus}%【法令已強化】,{weapon} +{bonus}%【法令強化済み】,{weapon}: +{bonus}% [усилено указом]
我赢了……可我还是输了……嘻嘻……,"I won... yet I still lost... hee-hee...",我赢了……可我还是输了……嘻嘻……,我贏了……可我還是輸了……嘻嘻……,勝った……それでも、私は負けた……くすくす……,Я победила… но всё равно проиграла… хи-хи…
克制+{bonus}%,Counter Advantage +{bonus}%,克制+{bonus}%,克制+{bonus}%,相性有利 +{bonus}%,Контрбонус: +{bonus}%
加入仕诡卡游戏中，发动可以恢复一点生命值,"Add to a Shigui Cards match; activate to restore 1 HP.",加入仕诡卡游戏中，发动可以恢复一点生命值,加入仕詭卡遊戲中，發動可恢復1點生命值,仕詭カードの対局に加えると、発動時に体力を1回復。,Добавьте в партию «Шигуй»; при активации восстановите 1 ед. здоровья.
加入仕诡卡游戏中，弃掉对面一张卡,"Add to a Shigui Cards match; activate to discard one opponent card.",加入仕诡卡游戏中，弃掉对面一张卡,加入仕詭卡遊戲中，棄掉對方一張牌,仕詭カードの対局に加えると、発動時に相手のカードを1枚捨てる。,Добавьте в партию «Шигуй»; при активации сбросьте одну карту противника.
加入仕诡卡游戏中，抽一张牌并获得一次出牌机会,"Add to a Shigui Cards match; draw one card and gain one extra card play.",加入仕诡卡游戏中，抽一张牌并获得一次出牌机会,加入仕詭卡遊戲中，抽1張牌並獲得1次出牌機會,仕詭カードの対局に加えると、カードを1枚引き、追加で1枚出せる。,Добавьте в партию «Шигуй»; возьмите одну карту и получите возможность сыграть ещё одну.
加入仕诡卡游戏中，发动让对手失去20分,"Add to a Shigui Cards match; activate to make your opponent lose 20 points.",加入仕诡卡游戏中，发动让对手失去20分,加入仕詭卡遊戲中，發動使對手失去20分,仕詭カードの対局に加えると、発動時に相手の得点を20減らす。,Добавьте в партию «Шигуй»; при активации отнимите у противника 20 очков.
《礼记笺疏》是郑玄在对《礼记》进行深刻解读后所编纂的注解，它详细讲解了儒家礼教中的重要细节，提升使用诸子百家的效果,"The Notes on the Book of Rites, compiled by Zheng Xuan after his profound study of the classic, explains key details of Confucian ritual and enhances the effect of Hundred Schools.",《礼记笺疏》是郑玄在对《礼记》进行深刻解读后所编纂的注解，它详细讲解了儒家礼教中的重要细节，提升使用诸子百家的效果,《禮記箋疏》是鄭玄深入解讀《禮記》後編纂的註解，詳述儒家禮教的重要細節，提升使用《諸子百家論集》的效果,『礼記箋疏』は鄭玄が『礼記』を深く読み解いて編纂した注釈書。儒家の礼制における重要な細部を説き、『諸子百家論集』の効果を高める。,"«Лицзи цзяньшу» — комментарий Чжэн Сюаня, созданный после глубокого изучения «Лицзи». Он раскрывает важные тонкости конфуцианского ритуала и усиливает эффект предмета «Сто школ»."
歇整一旬来到府邸召见吕布,"Rest for one xun, then return to the residence and summon Lu Bu.",歇整一旬来到府邸召见吕布,歇整一旬來到府邸召見呂布,一旬休んでから屋敷に戻り、呂布を召見する。,"Отдохните одну сюнь, затем вернитесь в усадьбу и вызовите Люй Бу."
恭喜你，昌豨诚心归顺并奉上麾下部曲，现已收纳士卒一百人,"Congratulations! Chang Xi has pledged allegiance and offered part of his retainers. One hundred soldiers have joined your ranks.",恭喜你，昌豨诚心归顺并奉上麾下部曲，现已收纳士卒一百人,恭喜你，昌豨誠心歸順並獻上麾下部曲，現已收納士卒一百人,おめでとうございます！昌豨が心から帰順し、配下の部曲を差し出しました。兵士100人を麾下に加えました。,Поздравляем! Чан Си искренне присягнул и передал часть своих людей. В ваши ряды вступили 100 солдат.
新目标将与关键角色对话解锁,New objectives unlock through conversations with key characters.,新目标将与关键角色对话解锁,與關鍵角色對話即可解鎖新目標,重要人物との会話で新たな目標が解放されます,Новые цели открываются в разговорах с ключевыми персонажами.
基建工程-加固城墙,Infrastructure - Reinforce Walls,基建工程-加固城墙,基建工程－加固城牆,基盤整備・城壁強化,Инфраструктура: укрепление стен
基建工程-挖深护城河,Infrastructure - Deepen the Moat,基建工程-挖深护城河,基建工程－挖深護城河,基盤整備・堀の掘り下げ,Инфраструктура: углубление рва
"你灌溉了所有农田
基建完成","All Farmland Irrigated
Project Complete","你灌溉了所有农田
基建完成","所有農田已完成灌溉
基建完成","全農地の灌漑完了
基盤整備完了","Все поля орошены
Строительство завершено"
曹大人暂且外出不在此处，城防基建一应事务，由末将代为接手，主公尽可差遣。,"Lord Cao is away for the time being. I have taken charge of all city-defense and infrastructure matters in his stead. Command me as you see fit, my lord.",曹大人暂且外出不在此处，城防基建一应事务，由末将代为接手，主公尽可差遣。,曹大人暫且外出不在此處，城防基建一應事務，由末將代為接手，主公儘可差遣。,曹殿はただいま外出中です。城防と基盤整備に関する一切は、末将が代わって引き受けます。主君、何なりとお命じください。,"Господин Цао временно отсутствует. Я принял на себя все дела по обороне города и строительству. Господин, можете распоряжаться мной по своему усмотрению."
末将遵命，即刻将调兵粮草簿常设版面之上，主公调度兵马粮草会更加便捷。,"As you command. I will keep the Troops and Provisions Ledger permanently displayed, making it easier for you to deploy troops and allocate supplies, my lord.",末将遵命，即刻将调兵粮草簿常设版面之上，主公调度兵马粮草会更加便捷。,末將遵命，即刻將調兵糧草簿常設於版面之上，主公調度兵馬糧草將更加便捷。,承知しました。直ちに兵馬・兵糧の調配簿を常時表示し、主君が兵と糧をより手軽に差配できるようにいたします。,"Слушаюсь. Я немедленно закреплю ведомость войск и провианта на основном экране, чтобы господину было удобнее распоряжаться войсками и припасами."
谨遵往日规制，调配文簿平日收起，主公需要时点击物资条目方可调出。,"We shall follow the established practice: the allocation ledger will remain closed and can be opened by selecting a resource entry whenever you need it, my lord.",谨遵往日规制，调配文簿平日收起，主公需要时点击物资条目方可调出。,謹遵往日規制，調配文簿平日收起，主公需要時點擊物資條目方可調出。,従来の規定に従い、調配簿は普段しまっておきます。主君、必要な際は物資項目を選べば呼び出せます。,"Соблюдая прежний порядок, ведомость распределения будет обычно скрыта. Когда она понадобится, господин сможет открыть её, нажав на строку ресурсов."
主公，加固工程已完工，徐州城防现已加固完毕。,"My lord, the fortification works are complete. Xuzhou's defenses have been fully reinforced.",主公，加固工程已完工，徐州城防现已加固完毕。,主公，加固工程已完工，徐州城防現已加固完畢。,主君、補強工事が完了し、徐州の城防は万全となりました。,"Господин, укрепительные работы завершены. Оборона Сюйчжоу полностью усилена."
择货变卖,Choose,择货变卖,擇貨變賣,選択,Выбрать
自主选择商品销售，销售合计数量不能超过5,Choose items to sell (up to 5 total),自主选择商品销售，销售合计数量不能超过5,自行選擇出售商品，合計不得超過5件,売却する商品を選択（合計5個まで）,Выберите товары для продажи (не более 5 шт.)
售出,Sell,售出,售出,売却,Продать
大人，领地律法已然齐备，不宜随意增改；强行立新条，必会招致各方派系不满。若执意要调整律法，回自家宅邸与我当面商议妥当，方能筹划后续事宜。,"My lord, the laws of the domain are already complete and should not be altered lightly. Forcing through a new statute would anger every faction. If you still intend to revise them, return to your residence and consult me in person. Only once we have reached agreement can further measures be planned.",大人，领地律法已然齐备，不宜随意增改；强行立新条，必会招致各方派系不满。若执意要调整律法，回自家宅邸与我当面商议妥当，方能筹划后续事宜。,大人，領地律法已然齊備，不宜隨意增改；強行立新條，必會招致各方派系不滿。若執意要調整律法，回自家宅邸與我當面商議妥當，方能籌劃後續事宜。,殿、領内の法はすでに整っており、軽々に改めるべきではありません。無理に新法を制定すれば、各派系の反発を招きます。それでも改定をお望みなら、屋敷へ戻り、私と直にご相談ください。話がまとまって初めて、今後の手筈を整えられます。,"Господин, свод законов владения уже полон, и менять его без нужды не следует. Если силой провести новый закон, это вызовет недовольство всех фракций. Если вы всё же намерены пересмотреть законы, вернитесь в свою резиденцию и обсудите это со мной лично. Лишь после согласования можно будет наметить дальнейшие шаги."
领地律法已达上限，继续立法会激起各方派系不满；想要修订、增设律法，返回主公自宅即可与主簿商讨，商议完成后方能进行后续立法操作。,"The domain has reached its law limit. Enacting another law will anger every faction. To revise or add laws, return to your residence and consult the Registrar; further legislation will become available once the consultation is complete.",领地律法已达上限，继续立法会激起各方派系不满；想要修订、增设律法，返回主公自宅即可与主簿商讨，商议完成后方能进行后续立法操作。,領地律法已達上限，繼續立法會激起各方派系不滿；想要修訂、增設律法，返回主公自宅即可與主簿商討，商議完成後方能進行後續立法操作。,領内の律法は上限に達しています。これ以上の制定は各派系の反発を招きます。律法の改定・追加を望む場合は主君の屋敷へ戻り、主簿と協議してください。協議を終えると、以後の立法を進められます。,"Во владении достигнут предел числа законов. Новый закон вызовет недовольство всех фракций. Чтобы пересмотреть или добавить законы, вернитесь в свою резиденцию и посоветуйтесь с главным писарем. После этого дальнейшее законотворчество снова станет доступно."
石像龙,Stone Dragon,石像龙,石像龍,石像の龍,Каменный дракон
修仙真人,Immortal Cultivator,修仙真人,修仙真人,修仙の真人,Адепт бессмертия
无名小卒-甲,Nameless Foot Soldier A,无名小卒-甲,無名小卒－甲,名もなき兵卒・甲,Безымянный солдат А
半块饼,Half a Flatbread,半块饼,半塊餅,半分の餅,Половина лепёшки
无名小卒-乙,Nameless Foot Soldier B,无名小卒-乙,無名小卒－乙,名もなき兵卒・乙,Безымянный солдат Б
丹阳军官,Danyang Officer,丹阳军官,丹陽軍官,丹陽軍の将校,Офицер Даньянской армии
请选择你的诡异卡,Choose Your Oddity Card,请选择你的诡异卡,請選擇你的詭異卡,詭異カードを選択してください,Выберите свою странную карту
"打理城内各类政务、召见各方派系，均可稳固城内局势。","Managing the city's affairs and meeting with its various factions can both stabilize the situation within the city.",打理城内各类政务、召见各方派系，均可稳固城内局势。,處理城內各項政務、召見各方派系，皆可穩定城內局勢。,城内の各種政務を処理したり、各派閥を召見したりすると、城内の情勢を安定させられます。,Ведение городских дел и приём представителей различных фракций помогают стабилизировать обстановку в городе.
"完成城内各类支线事务，可有效平息乱象、安定局势。","Completing side activities around the city can quell unrest and stabilize the situation.",完成城内各类支线事务，可有效平息乱象、安定局势。,完成城內各項支線事務，可有效平息亂象、安定局勢。,城内の各種サブイベントを完了すると、混乱を鎮め、情勢を安定させられます。,Выполнение побочных заданий в городе помогает подавить беспорядки и стабилизировать обстановку.
城内形势:,"City Status: ",城内形势:,城內形勢：,城内情勢：,"Состояние города: "
安定,Stable,安定,安定,安定,Стабильно
浮动,Unsettled,浮动,不穩,不安定,Нестабильно
紧张,Tense,紧张,緊張,緊迫,Напряжённо
危急,Critical,危急,危急,危機,Критическое положение
固若金汤,Impregnable,固若金汤,固若金湯,盤石,Неприступная оборона
布防仓促,Hastily Deployed,布防仓促,布防倉促,急ごしらえの防備,Поспешная оборона
整备不足,Underprepared,整备不足,整備不足,整備不足,Недостаточная готовность
本次议事未耗尽的补给物资已收入库房,Unused supplies from this council have been stored in the warehouse.,本次议事未耗尽的补给物资已收入库房,本次議事未耗盡的補給物資已收入庫房,今回の議事で使い切らなかった補給物資を倉庫に収めました。,Неизрасходованные припасы с этого совета отправлены на склад.
"昔日承其厚恩，心中常怀敬重。如今却化为尸躯，执念缠身。眼见故人沦落至此，心中不胜惋惜，唯有挺身一战。","I once received his great kindness and have always held him in high regard. Now he is but a corpse, bound by lingering obsession. To see an old friend reduced to this fills me with sorrow; I can only stand and fight.","昔日承其厚恩，心中常怀敬重。如今却化为尸躯，执念缠身。眼见故人沦落至此，心中不胜惋惜，唯有挺身一战。","昔日承其厚恩，心中常懷敬重。如今卻化為屍軀，執念纏身。眼見故人淪落至此，心中不勝惋惜，唯有挺身一戰。","かつてはその厚恩を受け、常に敬意を抱いていた。だが今や骸と化し、妄執に絡め取られている。旧友がここまで落ちぶれた姿を見るのは、あまりにも痛ましい。ならば身を挺して戦うほかない。","Когда-то я был обязан ему великой милостью и всегда чтил его. Теперь от него осталась лишь трупная оболочка, скованная мёртвой одержимостью. Видеть, как старый знакомый пал так низко, невыносимо горько. Остаётся лишь подняться и сразиться."
"昔日端庄柔顺，相处良久自有几分感念。如今行事诡异、戾气缠身。糜府怪事频发，疑点重重，今日不得不与之对决。","Once dignified and gentle, she inspired affection after so long together. Now her actions are uncanny, and a violent aura clings to her. Strange incidents plague the Mi residence, with clues everywhere; today I have no choice but to face her in battle.","昔日端庄柔顺，相处良久自有几分感念。如今行事诡异、戾气缠身。糜府怪事频发，疑点重重，今日不得不与之对决。","昔日端莊柔順，相處良久自有幾分感念。如今行事詭異、戾氣纏身。糜府怪事頻發，疑點重重，今日不得不與之對決。","かつては端正で物柔らかく、長く接するうちに情も湧いた。だが今は振る舞いが不気味で、殺気に取りつかれている。糜邸では怪事が相次ぎ、疑わしい点も多い。今日は否応なく彼女と対決しなければならない。","Когда-то достойная и кроткая, она за долгие годы общения успела мне полюбиться. Теперь её поведение странно, а вокруг неё клубится свирепая аура. В поместье Ми одно за другим происходят странные события, подозрений не счесть; сегодня мне не избежать боя с ней."
"看似寻常石雕，实则藏有镇世神珠。宝珠异动便引幻象丛生，龙吟震耳、龙威滔天，虚实难辨，绝非寻常对手。","It looks like an ordinary stone carving, but within it lies a divine pearl capable of subduing the world. When the pearl stirs, illusions multiply; the dragon's roar deafens and its might shakes the heavens. Reality and illusion blur—this is no ordinary foe.","看似寻常石雕，实则藏有镇世神珠。宝珠异动便引幻象丛生，龙吟震耳、龙威滔天，虚实难辨，绝非寻常对手。","看似尋常石雕，實則藏有鎮世神珠。寶珠異動便引幻象叢生，龍吟震耳、龍威滔天，虛實難辨，絕非尋常對手。","一見すればありふれた石像だが、実は世を鎮める神珠を秘めている。珠が動けば幻が次々に生じ、龍の咆哮は耳をつんざき、その威は天を揺るがす。現と幻の見分けもつかぬ、決して尋常ならざる敵だ。","На вид это обычная каменная статуя, но внутри скрыта священная жемчужина, способная усмирить Поднебесную. Стоит ей прийти в движение — и рождаются бесчисленные иллюзии; драконий рёв оглушает, а его мощь сотрясает небеса. Не отличить явь от призрака — противник явно не из обычных."
"一路行来，不少异事与物件皆出自此人手笔。他隐于幕后暗中布局，为求仙道不惜牺牲万民，理念相悖，只能兵刃相向。","Many of the strange events and objects we encountered along the way were his handiwork. He works from the shadows, laying plans in secret; to pursue immortality, he is willing to sacrifice the lives of the entire populace. Our principles are irreconcilable, so we can only meet him in battle.","一路行来，不少异事与物件皆出自此人手笔。他隐于幕后暗中布局，为求仙道不惜牺牲万民，理念相悖，只能兵刃相向。","一路行來，不少異事與物件皆出自此人手筆。他隱於幕後暗中布局，為求仙道不惜犧牲萬民，理念相悖，只能兵刃相向。","道中で遭遇した数々の異変や品々は、その多くがこの者の仕業だ。彼は裏で暗躍し、密かに策を巡らせている。仙道を求めるためなら民草の命さえ犠牲にする、その理念とは相容れない。ならば刃を交えるしかない。","Многие странности и предметы, встречавшиеся нам по пути, — его рук дело. Он скрывается за кулисами и тайно плетёт свои планы; ради пути к бессмертию готов пожертвовать жизнями всего народа. Наши идеалы несовместимы — остаётся лишь сойтись с ним в бою."
"许昌的春风未能吹散二人之间的裂痕。此后不久，刘备被曹操击败投奔袁绍，然袁绍猜忌之心日重，终未能与刘备同心。翌年，官渡之战爆发，曹操以少胜多，大破袁绍，奠定北方霸业根基。刘备则辗转南北，历经坎坷，终在荆州立足，后与孙权联手，渐成三分之势。曹操与刘备，终成赤壁鏖战之敌，英雄相惜却道不同，史书果如曹操所言，铭刻二人功名，流传千古。","The spring breeze of Xuchang could not heal the rift between the two. Before long, Liu Bei was defeated by Cao Cao and sought refuge with Yuan Shao. Yet Yuan Shao grew ever more suspicious, and the two never found common cause. The following year, the Battle of Guandu erupted. Greatly outnumbered, Cao Cao crushed Yuan Shao and laid the foundations of his northern hegemony. Liu Bei, meanwhile, wandered from north to south, weathering hardship after hardship before finally gaining a foothold in Jingzhou. He later joined forces with Sun Quan, and the realm gradually took on the shape of a three-way division. In time, Cao Cao and Liu Bei became foes in the bitter struggle at Red Cliffs. Though the two heroes admired one another, their paths diverged. As Cao Cao had foretold, history recorded their achievements and carried their fame through the ages.","许昌的春风未能吹散二人之间的裂痕。此后不久，刘备被曹操击败投奔袁绍，然袁绍猜忌之心日重，终未能与刘备同心。翌年，官渡之战爆发，曹操以少胜多，大破袁绍，奠定北方霸业根基。刘备则辗转南北，历经坎坷，终在荆州立足，后与孙权联手，渐成三分之势。曹操与刘备，终成赤壁鏖战之敌，英雄相惜却道不同，史书果如曹操所言，铭刻二人功名，流传千古。","許昌的春風未能吹散二人之間的裂痕。此後不久，劉備被曹操擊敗，投奔袁紹；然而袁紹猜忌之心日重，終未能與劉備同心。翌年，官渡之戰爆發，曹操以少勝多，大破袁紹，奠定北方霸業根基。劉備則輾轉南北，歷經坎坷，終在荊州立足，後與孫權聯手，漸成三分之勢。曹操與劉備終成赤壁鏖戰之敵；英雄相惜，卻道不同。史書果如曹操所言，銘刻二人功名，流傳千古。","許昌の春風は、二人の間の亀裂を吹き払えなかった。ほどなく劉備は曹操に敗れ、袁紹を頼った。しかし袁紹の猜疑心は日増しに強まり、ついに劉備と心を一つにすることはなかった。翌年、官渡の戦いが勃発すると、曹操は少数で大軍を破り、袁紹を大敗させて北方覇業の礎を築いた。一方の劉備は南北を転々とし、幾多の苦難を経て荊州に足場を築く。のちに孫権と手を結び、天下は次第に三分の勢いを成した。曹操と劉備はついに赤壁の激戦で敵として相まみえた。互いに英雄を認めながらも、その道は異なっていた。史書はまさに曹操の言葉どおり、二人の功名を刻み、千古に伝えた。","Весенний ветер Сюйчана не развеял трещину между ними. Вскоре Лю Бэй потерпел поражение от Цао Цао и нашёл приют у Юань Шао. Но подозрительность Юань Шао всё росла, и им так и не удалось стать единомышленниками. На следующий год разразилась битва при Гуаньду: Цао Цао, уступая в численности, наголову разбил Юань Шао и заложил основу своего господства на севере. Лю Бэй же скитался по северу и югу, прошёл через множество невзгод и наконец закрепился в Цзинчжоу. Позднее он объединился с Сунь Цюанем, и постепенно сложилась трёхсторонняя расстановка сил. В конце концов Цао Цао и Лю Бэй сошлись врагами в ожесточённой битве у Красных утёсов. Герои, ценившие друг друга, они всё же шли разными путями. История, как и предрекал Цао Цао, запечатлела их заслуги и славу, пронеся их сквозь века."
"吕布举弓射戟，正中小支。诸将皆惊，齐呼：“将军天威也！”","Lu Bu drew his bow and struck the halberd's small prong dead on. The generals gasped and cried as one: “The general's might is heaven-sent!”","呂布舉弓射戟，正中小支。諸將皆驚，齊呼：「將軍天威也！」","呂布舉弓射戟，正中小支。諸將皆驚，齊呼：「將軍天威也！」","呂布が弓を引き、戟の小枝を見事に射抜いた。諸将は驚き、声をそろえて叫んだ。「将軍の威は天のごとし！」","Люй Бу натянул лук и точно поразил малый зубец алебарды. Поражённые военачальники хором воскликнули: «Небесная мощь генерала!»"
刺客-甲,Assassin I,刺客-甲,刺客-甲,刺客・甲,Убийца I
刺客-乙,Assassin II,刺客-乙,刺客-乙,刺客・乙,Убийца II
刺客-丙,Assassin III,刺客-丙,刺客-丙,刺客・丙,Убийца III
是儿最叵信者！,No man is less trustworthy!,是兒最叵信者！,是兒最叵信者！,あの男ほど信用ならぬ者はいない！,Нет никого вероломнее этого человека!
防备松弛,Lax Defenses,防备松弛,防備鬆弛,防備弛緩,Ослабленная оборона
军令未下,No Orders Issued,军令未下,軍令未下,軍令未発令,Приказы не отданы
"最多索取{{GameManager.demandMaxRepair}}次资源调理城中局势，逾次招致派系反感，无益局势向好","You may requisition resources up to {{GameManager.demandMaxRepair}} times to stabilize the city. Further demands will alienate the faction and yield no improvement.","最多索取{{GameManager.demandMaxRepair}}次资源调理城中局势，逾次招致派系反感，无益局势向好","最多索取{{GameManager.demandMaxRepair}}次資源以調理城中局勢；逾次將招致派系反感，亦無益於局勢好轉。","城内情勢を立て直すため、資源を要求できるのは最大{{GameManager.demandMaxRepair}}回までです。上限を超える要求は対象派閥の反感を招き、情勢も改善しません。","Для стабилизации обстановки в городе ресурсы можно затребовать не более {{GameManager.demandMaxRepair}} раз. Дальнейшие требования вызовут недовольство фракции и не улучшат ситуацию."
"提示：成功通过拉拢{factions}需求的法律！\n({factions}好感度提升{point}点，额外获得3政策点)\n(该派系摇摆人数减少)","Hint: Successfully passed a law requested by {factions}!\n({factions} Favor +{point}; gained 3 bonus Decree Points)\n(Fewer swing voters in this faction)","提示：成功通过拉拢{factions}需求的法律！\n({factions}好感度提升{point}点，额外获得3政策点)\n(该派系摇摆人数减少)","提示：成功通過符合{factions}訴求的法律！\n({factions}好感度提升{point}點，額外獲得3點法令點數)\n(該派系的搖擺人數減少)","ヒント：{factions}の求める法律を可決しました！\n({factions}の好感度が{point}上昇、法令ポイントを追加で3獲得)\n(同派閥の浮動票が減少)","Подсказка: Принят закон, отвечающий требованиям фракции {factions}!\n(Благосклонность {factions} +{point}; дополнительно получено 3 очка указов)\n(Число колеблющихся членов этой фракции уменьшилось)"
敌军战力,Enemy Strength,敌军战力,敵軍戰力,敵軍戦力,Боевая мощь врага
吕布之怒,Lu Bu's Wrath,吕布之怒,呂布之怒,呂布の怒り,Гнев Люй Бу
"放置獬豸圣像于案前，便可激活神兽洞悉之力。每逢分支抉择和支线，圣像皆可指引主公避免误入歧途（一周目限三次，二周目使用无上限）；同时可提前查看后续法令效果，稳固徐州大局","Place the Xiezhi Sacred Statue on your desk to awaken the divine beast's insight. At branch choices and in side quests, it guides you away from the wrong path (limited to three uses on a first playthrough; unlimited in New Game+). It also lets you preview the effects of upcoming decrees, helping secure Xuzhou's grand strategy.","放置獬豸圣像于案前，便可激活神兽洞悉之力。每逢分支抉择和支线，圣像皆可指引主公避免误入歧途（一周目限三次，二周目使用无上限）；同时可提前查看后续法令效果，稳固徐州大局","放置獬豸聖像於案前，即可啟動神獸洞悉之力。每逢分支抉擇與支線，聖像皆能指引主公避開歧途（首周目限三次，二周目不限次數）；同時可提前查看後續法令效果，穩固徐州大局。","「獬豸の聖像」を机の前に置けば、神獣の洞察力が目覚めます。分岐の選択やサブクエストでは、聖像が主君を正道へ導き、道を誤るのを防ぎます（1周目は3回まで、2周目は使用回数無制限）。さらに、後続の法令効果を事前に確認でき、徐州の大局を安定させられます。","Поместите Священную статую Сечжи на стол, чтобы пробудить прозрение священного зверя. В развилках и побочных заданиях статуя укажет господину верный путь и не даст свернуть с него (в первом прохождении — не более 3 использований; в Новой игре+ ограничений нет). Кроме того, она позволяет заранее увидеть эффекты будущих указов и укрепить положение Сюйчжоу."
获取这张卡,Claim This Card,获取这张卡,獲取此卡,このカードを獲得,Получить эту карту
输入资金数目,Enter funds,输入资金数目,輸入資金數目,資金額を入力,Введите сумму
输入士兵人数,Enter troops,输入士兵人数,輸入士兵人數,兵数を入力,Число воинов
"欢迎主公进入《阴三国谋论》！游戏内按 ESC 可调整难度，默认【标准难度】。序章“小沛篇”为剧情导向体验，主要用于交代背景与世界观，包含少量惊悚元素；完成后可获得少量额外资源与道具，但玩法内容相对有限。","Welcome, my lord, to The Three Kingdoms of Shadows! Press ESC in-game to adjust the difficulty; the default setting is 【Standard Difficulty】. The “Xiaopei” prologue is a story-driven experience that establishes the game's backstory and world, with a few mild horror elements. Completing it grants a small amount of bonus resources and items, though the gameplay itself is comparatively limited.","欢迎主公进入《阴三国谋论》！游戏内按 ESC 可调整难度，默认【标准难度】。序章“小沛篇”为剧情导向体验，主要用于交代背景与世界观，包含少量惊悚元素；完成后可获得少量额外资源与道具，但玩法内容相对有限。","歡迎主公進入《陰三國謀論》！遊戲內按 ESC 可調整難度，預設為【標準難度】。序章「小沛篇」為劇情導向體驗，主要用於交代背景與世界觀，並包含少量驚悚元素；完成後可獲得少量額外資源與道具，但玩法內容相對有限。","主君よ、『陰三国謀論』へようこそ！ゲーム中にESCキーを押すと難易度を変更でき、初期設定は【標準難易度】です。序章「小沛編」は、背景や世界観を描くストーリー重視の内容で、若干のホラー要素を含みます。クリアすると追加の資源やアイテムを少量獲得できますが、ゲームプレイの幅は比較的限られています。","Добро пожаловать, мой господин, в «Троецарствие теней»! Во время игры нажмите ESC, чтобы изменить сложность; по умолчанию установлена 【Стандартная сложность】. Сюжетный пролог «Сяопэй» знакомит с предысторией и миром игры и содержит лёгкие элементы хоррора. За его прохождение вы получите немного дополнительных ресурсов и предметов, однако сам игровой процесс в прологе сравнительно ограничен."
"玩家可先体验序章，再进入正篇“徐州”；若偏爱自由探索与策略经营，或不适应惊悚氛围及较多文本剧情，也可直接开始正篇。","You may play the prologue before entering the main campaign, “Xuzhou.” If you prefer free exploration and strategic management, or are uncomfortable with horror and text-heavy storytelling, you can begin directly with the main campaign instead.","玩家可先体验序章，再进入正篇“徐州”；若偏爱自由探索与策略经营，或不适应惊悚氛围及较多文本剧情，也可直接开始正篇。","玩家可先體驗序章，再進入正篇「徐州」；若偏好自由探索與策略經營，或不適應驚悚氛圍及文字量較多的劇情，也可直接開始正篇。","まず序章を体験してから、本編「徐州」へ進むことができます。自由な探索や戦略経営を楽しみたい方、ホラー演出やテキスト量の多いストーリーが苦手な方は、序章を飛ばして本編から始めることもできます。","Можно сначала пройти пролог, а затем перейти к основной кампании «Сюйчжоу». Если вам больше по душе свободное исследование и стратегическое управление или вы не любите атмосферу хоррора и обилие сюжетного текста, можно сразу начать с основной кампании."
